client_id,first_name,last_name,email,phone,address,company
1,Camille,Collin,camille.collin@noos.fr,+33 (0)2 48 76 47 59,"34, boulevard Deschamps, 41157 Rousselboeuf",Gomes
2,Juliette,Riou,juliette.riou@sfr.fr,06 78 40 80 16,"45, chemin de Fischer, 39332 PonsBourg",Julien S.A.S.
3,Claudine,Nicolas,claudine.nicolas@club-internet.fr,0218583989,"7, boulevard Olivier Charpentier, 32094 MullerBourg",Gérard Morel SA
4,Martine,Gimenez,martine.gimenez@ifrance.com,0183396947,"61, rue de Coulon, 33041 Guichard",Le Roux Launay SA
5,Eugène,Rodrigues,eugène.rodrigues@orange.fr,+33 (0)2 98 91 01 39,"6, rue Seguin, 32173 Saint Émilie",Legendre
6,Eugène,Bertin,eugène.bertin@hotmail.fr,+33 6 14 56 20 87,"7, chemin Pelletier, 92302 Le Goff",Lemaire
7,Jeannine,Pichon,jeannine.pichon@free.fr,+33 (0)1 76 98 45 64,"8, rue de Daniel, 84237 Bourdon",Maillet
8,Agathe,Maury,agathe.maury@laposte.net,0366109352,"76, avenue Boutin, 02714 Cohen",Guilbert
9,Josette,Faivre,josette.faivre@voila.fr,+33 (0)2 75 47 06 38,"70, avenue de Gomes, 30089 Saint Georges-sur-Mer",Guyot
10,Marie,Vidal,marie.vidal@yahoo.fr,06 61 04 71 42,"chemin Moreau, 03485 Duhamel",Bouvet et Fils
11,Julie,Bègue,julie.bègue@tiscali.fr,05 65 82 36 94,"64, chemin Michelle Morin, 90042 Guillon",Alves
12,Anastasie,Lévy,anastasie.lévy@laposte.net,0217304281,"74, rue Guilbert, 75517 Sainte AurélieVille",Daniel
13,Nathalie,Torres,nathalie.torres@laposte.net,+33 2 96 11 13 30,"avenue Berthelot, 77936 Sainte Matthieu-la-Forêt",Perret Olivier SARL
14,Gabriel,Andre,gabriel.andre@voila.fr,04 31 76 43 03,"avenue Hoareau, 82197 Thibault",Diaz
15,Maggie,Briand,maggie.briand@wanadoo.fr,08 05 77 38 93,"15, rue de Boucher, 69471 Saint Christophe-sur-Mer",Fournier Ribeiro SA
16,Patricia,Pons,patricia.pons@dbmail.com,+33 2 27 58 68 80,"791, chemin Regnier, 76993 Saint Nicole",Hernandez Guillou S.A.S.
17,Pierre,Le Roux,pierre.le roux@hotmail.fr,08 04 46 66 02,"15, avenue Delattre, 79125 Da Silvadan",Albert
18,Benoît,Roussel,benoît.roussel@tiscali.fr,+33 1 00 99 25 18,"27, boulevard Bonnin, 95194 Chevallier",Vallet
19,Maggie,Rivière,maggie.rivière@wanadoo.fr,+33 4 06 75 37 51,"chemin André Dijoux, 31886 SchneiderBourg",Launay Moreno S.A.R.L.
20,Émile,Duval,émile.duval@noos.fr,+33 (0)4 16 20 76 60,"61, rue Pelletier, 55203 Guérin",Guillaume Bernard S.A.
21,Margaux,Maillet,margaux.maillet@yahoo.fr,+33 (0)1 45 09 32 27,"34, rue Étienne, 74485 Allain",Henry S.A.S.
22,Inès,Le Gall,inès.le gall@free.fr,01 22 35 83 32,"30, rue de Carlier, 12648 Traore-les-Bains",Léger
23,Lucie,Monnier,lucie.monnier@hotmail.fr,+33 8 07 58 06 60,"47, chemin Charlotte Robin, 14189 Boutin",Alexandre
24,Julien,Lecoq,julien.lecoq@noos.fr,03 23 75 82 57,"14, avenue de Maurice, 03414 Raynaud-les-Bains",Munoz
25,Odette,Georges,odette.georges@hotmail.fr,08 03 86 40 14,"avenue Édith Blin, 71454 Valentin",Da Silva SA
26,Sophie,Charles,sophie.charles@club-internet.fr,0518321644,"238, boulevard Anne Traore, 47592 Denis",Weber S.A.R.L.
27,Jeanne,Bigot,jeanne.bigot@laposte.net,0357637785,"8, rue Noémi Costa, 93057 DuboisBourg",Torres et Fils
28,Marguerite,Delaunay,marguerite.delaunay@voila.fr,0800190443,"23, avenue Michelle Rémy, 25662 Neveu-les-Bains",Dumont
29,Marc,Lemoine,marc.lemoine@tele2.fr,0666763373,"4, rue de Lemoine, 02394 Fernandez-sur-Fischer",Pires
30,Adrienne,Bouchet,adrienne.bouchet@tele2.fr,+33 (0)3 88 69 77 47,"10, rue Marty, 40216 Raynaud",Pascal
31,Matthieu,De Sousa,matthieu.de sousa@sfr.fr,0591915587,"9, rue Tessier, 38533 Maillet",Langlois
32,Diane,Jacob,diane.jacob@bouygtel.fr,06 53 04 81 07,"70, avenue Brigitte Lemaire, 13126 Besnard",Launay S.A.S.
33,Olivie,Carlier,olivie.carlier@gmail.com,+33 3 37 32 45 56,"99, chemin Merle, 89784 Grondin",Lemaire S.A.S.
34,Sabine,Mendès,sabine.mendès@yahoo.fr,+33 3 63 34 08 86,"chemin Georges Gallet, 38433 Sainte Margotboeuf",Besson Techer S.A.R.L.
35,Sébastien,Guillon,sébastien.guillon@free.fr,+33 1 08 85 59 02,"28, rue Becker, 93323 Benard-les-Bains",Nicolas
36,Laetitia,Michel,laetitia.michel@wanadoo.fr,0677403827,"51, boulevard Maréchal, 54603 Sainte Monique",Le Goff Besnard et Fils
37,Monique,Delmas,monique.delmas@orange.fr,0152405980,"8, rue de Laurent, 00351 Sainte Margaud",Dufour
38,Martin,Pons,martin.pons@noos.fr,+33 1 54 25 66 06,"270, avenue Jean Bernard, 98215 Schmitt",Simon Roy et Fils
39,Simone,Pottier,simone.pottier@free.fr,+33 (0)5 69 19 72 99,"16, rue de Mahe, 54273 Hamon-les-Bains",Marques
40,Richard,Teixeira,richard.teixeira@ifrance.com,+33 (0)1 48 48 70 89,"8, rue Anne Perrot, 00404 Boutin-sur-Diallo",Torres
41,Paulette,Guillaume,paulette.guillaume@wanadoo.fr,0564319539,"15, rue de Moreno, 55445 Antoinenec",Martin Blanchard S.A.S.
42,Benjamin,Pichon,benjamin.pichon@laposte.net,0507493186,"321, rue de Bodin, 64440 Merle-la-Forêt",Tanguy
43,Édith,Lenoir,édith.lenoir@dbmail.com,0536208296,"9, boulevard Susanne Samson, 05823 Techer",Moreau
44,Nath,Guyon,nath.guyon@orange.fr,+33 8 04 26 19 73,"4, avenue François, 64465 Millet-sur-Robin",Martinez
45,Clémence,Dubois,clémence.dubois@bouygtel.fr,+33 4 66 66 09 75,"15, avenue Dorothée Dufour, 19550 Saint MichelleBourg",Bertrand
46,Thomas,Laurent,thomas.laurent@dbmail.com,01 24 62 92 64,"82, rue de Chauveau, 86259 Saint Gabrielle-les-Bains",Renaud
47,Susanne,Bertin,susanne.bertin@dbmail.com,0148727820,"205, avenue Bourdon, 78252 LeleuVille",Paul SARL
48,Adrien,Becker,adrien.becker@hotmail.fr,+33 (0)6 69 59 75 68,"3, rue Jules Peron, 05930 ImbertVille",Perrier
49,Bernard,Brunel,bernard.brunel@free.fr,0616075994,"36, avenue Aubry, 61511 Sainte Alphonse",Antoine Chauvet et Fils
50,Marcelle,Richard,marcelle.richard@dbmail.com,05 87 71 08 64,"611, rue Charlotte David, 84006 Barbier",Renard Roger S.A.
51,Lucie,Bazin,lucie.bazin@orange.fr,0507603345,"33, avenue Aimée Moreno, 69029 Sainte Michelle",Gérard Moreau SA
52,Valentine,Breton,valentine.breton@wanadoo.fr,+33 (0)1 00 19 92 26,"69, rue de Dos Santos, 83861 Cordier",Pereira
53,Aurore,Nguyen,aurore.nguyen@orange.fr,06 63 63 76 91,"158, boulevard de Valette, 34095 ToussaintBourg",Meunier et Fils
54,Anaïs,Michel,anaïs.michel@noos.fr,01 61 79 72 25,"59, rue de Tessier, 25780 Boucher",Ramos Guillon SARL
55,Théodore,Gillet,théodore.gillet@gmail.com,0286064635,"6, rue Perret, 71168 Dos Santos-les-Bains",Guillaume Gaillard S.A.
56,Antoine,Hardy,antoine.hardy@laposte.net,08 05 94 51 64,"358, boulevard Thibault Huet, 56784 CordierBourg",Caron Thomas S.A.S.
57,Jeannine,Couturier,jeannine.couturier@wanadoo.fr,+33 (0)6 39 98 14 92,"rue Ferreira, 75175 Grenier-sur-Fleury",Diallo
58,Michel,Leroux,michel.leroux@hotmail.fr,+33 2 02 86 93 76,"rue de Chevallier, 79061 Lebon-sur-Daniel",Guillou Pineau SA
59,Christiane,Legendre,christiane.legendre@yahoo.fr,0187867423,"39, rue Daniel Martel, 96814 RollandBourg",Blanchard
60,Agnès,Gauthier,agnès.gauthier@laposte.net,+33 (0)3 29 83 00 68,"8, chemin de Valette, 10337 Paris",Petit Costa SARL
61,Danielle,Leblanc,danielle.leblanc@hotmail.fr,+33 (0)4 49 63 56 23,"55, boulevard Gilles Merle, 65873 Lefort",Lesage
62,Roger,Pelletier,roger.pelletier@ifrance.com,0217417253,"23, avenue de Perrier, 87993 Gaudin-la-Forêt",Rey
63,Thomas,Paul,thomas.paul@voila.fr,+33 (0)5 75 63 60 90,"rue Monique Millet, 12503 Saint Alex",Dumont SA
64,Valentine,Texier,valentine.texier@sfr.fr,+33 (0)5 73 08 96 18,"76, rue Bernadette Lacroix, 09409 Fischer",Marques
65,Margaret,De Sousa,margaret.de sousa@laposte.net,+33 (0)5 41 14 02 92,"753, boulevard de Mathieu, 71877 De Sousa",Rodriguez
66,Arnaude,Adam,arnaude.adam@ifrance.com,+33 (0)5 98 53 73 57,"rue Françoise Lebon, 36347 Blanchard-sur-Mer",Jacquet
67,Agnès,Guibert,agnès.guibert@tiscali.fr,+33 1 81 34 81 02,"boulevard Susan Renard, 63673 Michaud",Leleu SARL
68,Patricia,Normand,patricia.normand@wanadoo.fr,+33 4 52 88 99 62,"839, rue Coulon, 83000 Berger",Parent
69,Juliette,Hubert,juliette.hubert@yahoo.fr,03 45 73 25 85,"85, rue Vasseur, 26783 Fischer",Lefebvre S.A.R.L.
70,Marc,Fernandez,marc.fernandez@noos.fr,02 83 02 87 46,"avenue de Chrétien, 36954 Saint Pauline-sur-Mer",Pruvost S.A.S.
71,Alexandrie,Brunet,alexandrie.brunet@tele2.fr,0119743668,"141, chemin Toussaint, 18765 ChauveauVille",Gay S.A.S.
72,Margot,Lucas,margot.lucas@laposte.net,+33 (0)1 16 30 44 61,"49, boulevard de Allard, 58802 Simon-la-Forêt",Dos Santos
73,Adélaïde,Perrin,adélaïde.perrin@noos.fr,+33 (0)4 49 18 19 27,"25, rue de Schmitt, 63975 Royer",Lévy
74,Dominique,Bourgeois,dominique.bourgeois@sfr.fr,05 52 48 01 54,"boulevard Garcia, 12438 Perrotdan",Legros S.A.S.
75,Élisabeth,Lejeune,élisabeth.lejeune@yahoo.fr,+33 (0)5 97 52 43 64,"chemin Garnier, 58403 Joly-la-Forêt",Chevallier S.A.R.L.
76,Roger,Guillon,roger.guillon@orange.fr,0158771652,"16, rue Le Gall, 22705 PasquierBourg",Didier Carre SARL
77,Anne,Perret,anne.perret@tiscali.fr,+33 (0)3 28 53 32 34,"148, rue Mace, 23829 Vallet",Hardy Becker SARL
78,Susanne,Neveu,susanne.neveu@voila.fr,05 30 62 68 63,"371, boulevard Dubois, 03674 Barrenec",Pages
79,Denis,Ledoux,denis.ledoux@free.fr,+33 8 03 00 81 73,"99, rue Joséphine Caron, 55484 Simon",Peron
80,Victoire,Bourgeois,victoire.bourgeois@ifrance.com,0574727455,"568, boulevard de Huet, 63482 Jolydan",Poirier
81,Aurore,Hernandez,aurore.hernandez@tele2.fr,+33 (0)3 34 71 03 91,"rue Maurice, 59400 Saint Véronique",Huet
82,Anaïs,Didier,anaïs.didier@live.com,0619610209,"46, rue Stéphanie Colin, 29986 Techer-sur-Dumas",Vincent S.A.R.L.
83,Josette,David,josette.david@laposte.net,+33 (0)5 64 59 30 52,"87, chemin de Dupuy, 72184 Delannoynec",De Oliveira
84,Marguerite,Leroux,marguerite.leroux@noos.fr,+33 1 19 12 74 16,"6, boulevard de Sanchez, 09021 Collindan",Bouvier et Fils
85,Thérèse,Joly,thérèse.joly@hotmail.fr,01 93 03 60 09,"746, rue de Bernier, 82823 Roy-sur-Blanc",Hervé
86,René,Fleury,rené.fleury@sfr.fr,01 00 81 04 22,"rue Nicole Breton, 59115 Fleury",Rémy
87,Maggie,Vallée,maggie.vallée@tiscali.fr,+33 (0)5 15 76 68 78,"4, avenue Gros, 21220 ImbertBourg",Hardy SARL
88,Geneviève,Hernandez,geneviève.hernandez@live.com,06 69 59 78 53,"65, rue de Menard, 71569 Morvan",Paul S.A.S.
89,Frédéric,Fournier,frédéric.fournier@live.com,+33 (0)2 52 54 77 60,"35, avenue Laine, 64973 Sainte Laurence",Raymond Pichon SARL
90,Inès,Millet,inès.millet@noos.fr,+33 1 86 63 56 43,"68, rue Joséphine Marques, 53248 Regnier",Cohen S.A.R.L.
91,Lucas,Jacquot,lucas.jacquot@free.fr,0693187346,"75, rue Benjamin Olivier, 92871 Charrier",Lagarde
92,Claire,Humbert,claire.humbert@dbmail.com,01 01 05 24 98,"667, rue Pages, 18098 Peron",Thibault S.A.
93,Alphonse,Dupont,alphonse.dupont@yahoo.fr,0319629983,"42, rue Dumas, 74294 Chevalier",Dupré Cordier S.A.
94,Louis,Pruvost,louis.pruvost@voila.fr,0687241949,"rue Traore, 62278 Sainte Matthieu",Pineau Prévost et Fils
95,Capucine,Grondin,capucine.grondin@bouygtel.fr,+33 4 15 74 58 94,"361, rue Jeanne Gilles, 82726 Peron",Samson Schmitt et Fils
96,Daniel,Aubry,daniel.aubry@tele2.fr,0468056682,"5, avenue de Blondel, 37361 Sainte Gérarddan",David Renaud S.A.
97,Olivier,Gauthier,olivier.gauthier@ifrance.com,02 18 38 33 71,"rue de Texier, 89896 Delaunay-sur-Clerc",Maillet
98,Susanne,Georges,susanne.georges@voila.fr,0653037383,"87, boulevard Baron, 65419 Sainte AlexandrieBourg",Dufour Lejeune S.A.
99,Alfred,Vallée,alfred.vallée@club-internet.fr,+33 1 85 21 85 51,"94, avenue de Gilles, 60271 Lombard",Laine Roche S.A.S.
100,Claudine,Marty,claudine.marty@laposte.net,+33 1 96 43 12 27,"5, boulevard Émile Normand, 11738 Saint Mathilde",Turpin SARL
101,Nathalie,Mary,nathalie.mary@bouygtel.fr,01 23 19 82 73,"39, rue de Ledoux, 11414 Bigot-sur-Verdier",Delorme
102,Astrid,Dupont,astrid.dupont@hotmail.fr,+33 1 70 55 46 60,"23, rue de Hoarau, 75046 Paul-sur-Lévy",Lacombe Rémy et Fils
103,Hélène,Bègue,hélène.bègue@ifrance.com,+33 4 41 74 34 41,"70, avenue de Roux, 89679 Bernier-sur-Blondel",Renard Robert SARL
104,Franck,Collin,franck.collin@bouygtel.fr,+33 4 77 48 62 97,"4, chemin Mathilde Munoz, 06459 Rémy",Valette
105,Gilbert,Clerc,gilbert.clerc@yahoo.fr,+33 8 05 77 25 66,"911, rue Étienne Garcia, 73616 Sainte Joséphine",Hernandez Lopes S.A.S.
106,Gérard,Pascal,gérard.pascal@dbmail.com,+33 (0)1 20 15 57 33,"974, avenue Alexandre, 10153 Devaux",Charrier SARL
107,Éric,Henry,éric.henry@club-internet.fr,+33 (0)3 31 27 22 74,"708, rue Roussel, 16346 Barthelemy",Lemoine
108,Audrey,Riou,audrey.riou@voila.fr,02 93 45 85 77,"32, avenue Breton, 57943 Saint Céline",Philippe Perrier et Fils
109,Josette,Rémy,josette.rémy@laposte.net,+33 (0)2 76 77 50 39,"rue Margaux Fernandez, 94316 Sainte Michelle",Rousset
110,Adrien,Philippe,adrien.philippe@club-internet.fr,02 78 41 01 56,"84, boulevard Adrien Techer, 47266 Delannoy-la-Forêt",Lévy
111,Alexandrie,Bailly,alexandrie.bailly@noos.fr,+33 2 50 67 74 13,"60, rue Mahe, 12903 Dubois",Parent
112,Aurore,Colin,aurore.colin@club-internet.fr,01 74 80 27 21,"54, rue Jacqueline Da Costa, 71043 Couturier-la-Forêt",Hoareau Mercier S.A.R.L.
113,Augustin,Dupont,augustin.dupont@hotmail.fr,0800440009,"227, rue de Lefebvre, 11191 Roussel",Lesage
114,Édouard,Noël,édouard.noël@tiscali.fr,04 82 81 25 68,"boulevard de Fontaine, 16585 Rochernec",Guillot
115,Geneviève,Lemonnier,geneviève.lemonnier@hotmail.fr,+33 1 96 54 58 50,"chemin Traore, 22177 Baron",Joly
116,Augustin,Giraud,augustin.giraud@live.com,0431872453,"75, chemin Becker, 85053 Fontainenec",Merle
117,Susanne,Leroux,susanne.leroux@bouygtel.fr,+33 (0)2 41 56 04 32,"812, boulevard Bourdon, 64040 Saint Vincent",Lebon Rey S.A.S.
118,Emmanuelle,Philippe,emmanuelle.philippe@gmail.com,+33 4 78 79 95 55,"chemin Julien Voisin, 69039 Pasquiernec",Brunet Potier S.A.R.L.
119,Alex,Hebert,alex.hebert@sfr.fr,0112904212,"94, avenue de Lebrun, 77149 Boucher",Mace
120,Roland,Mallet,roland.mallet@wanadoo.fr,+33 (0)1 78 83 64 60,"114, avenue Potier, 85878 Berthelotdan",Coste Faivre SA
121,Julie,Hamon,julie.hamon@sfr.fr,0361312972,"82, avenue Zacharie Lacombe, 05846 DelahayeBourg",Dumont
122,Corinne,Joly,corinne.joly@laposte.net,+33 (0)4 53 00 77 19,"39, chemin de Faure, 52750 Henry",Ferrand et Fils
123,Frédéric,Schneider,frédéric.schneider@club-internet.fr,0802076631,"86, rue Aurélie Leclerc, 34127 Étienne",Lebreton
124,Zacharie,Moulin,zacharie.moulin@free.fr,05 25 37 21 89,"22, chemin de Goncalves, 51165 Ruiz",Ledoux
125,Adrien,Roche,adrien.roche@club-internet.fr,+33 3 28 27 31 84,"rue Anaïs Barthelemy, 22012 Sainte JulieBourg",Faure
126,Hortense,Blin,hortense.blin@yahoo.fr,+33 5 46 28 74 52,"22, boulevard Gosselin, 71586 Albert",Joly SARL
127,Jérôme,Didier,jérôme.didier@orange.fr,+33 6 12 76 15 31,"93, avenue Zacharie Pruvost, 84409 Arnaud-sur-Maillard",Charrier Lévy et Fils
128,Victoire,Masson,victoire.masson@club-internet.fr,04 21 07 88 89,"69, chemin Costa, 80720 Saint Dominique-les-Bains",Lefèvre SARL
129,Thierry,Martineau,thierry.martineau@sfr.fr,+33 (0)4 03 25 68 95,"40, rue de Cohen, 62319 Prévost",Cousin
130,Philippine,Sauvage,philippine.sauvage@dbmail.com,02 75 48 47 85,"56, rue de Benoit, 46622 Aubert-les-Bains",Garnier Dupuy S.A.S.
131,Zoé,Guillou,zoé.guillou@free.fr,+33 3 71 73 62 10,"2, rue de Caron, 55116 Marchandboeuf",Seguin Hubert S.A.S.
132,Hélène,Hebert,hélène.hebert@club-internet.fr,+33 (0)6 26 13 22 44,"95, rue Delaunay, 03563 Launay",Boulanger SA
133,Christine,Raynaud,christine.raynaud@tiscali.fr,0336055218,"3, boulevard Duhamel, 71647 Leroy",Laurent
134,Suzanne,Pineau,suzanne.pineau@yahoo.fr,+33 1 45 49 27 70,"50, boulevard Barbier, 68782 Maillot-les-Bains",Maury
135,Jean,Perez,jean.perez@hotmail.fr,+33 8 01 37 30 65,"947, rue de Langlois, 63708 Chauveau-sur-Delaunay",Benoit
136,Geneviève,Lévêque,geneviève.lévêque@club-internet.fr,+33 2 24 31 56 24,"126, rue de Lemoine, 61193 Mercier-sur-Mer",Bernier
137,Catherine,Pascal,catherine.pascal@yahoo.fr,+33 2 29 99 07 43,"1, rue de Valentin, 27384 Traore-sur-Duhamel",Gérard SARL
138,Camille,Morvan,camille.morvan@voila.fr,0548394096,"chemin Valérie Gosselin, 14925 Saint Virginie",Petit
139,Aurore,Rey,aurore.rey@noos.fr,05 40 29 78 10,"avenue Jacob, 38100 Lebon-la-Forêt",Gillet Michel et Fils
140,Timothée,Lombard,timothée.lombard@noos.fr,+33 4 85 93 06 78,"37, rue de Lecomte, 31455 Meunier",Verdier Fouquet S.A.R.L.
141,Robert,Lefèvre,robert.lefèvre@ifrance.com,+33 (0)8 09 72 63 66,"69, boulevard Hardy, 38673 Chauveau-sur-Chevalier",Brunet S.A.
142,Thibaut,Leroy,thibaut.leroy@dbmail.com,+33 (0)8 02 98 92 86,"rue Benjamin Buisson, 79460 Pruvost",Olivier
143,Yves,Martineau,yves.martineau@yahoo.fr,0175404154,"43, avenue Rivière, 25608 Sainte Marianne",Adam et Fils
144,Luc,Gros,luc.gros@club-internet.fr,+33 (0)5 18 68 52 21,"82, rue Claude Tanguy, 17356 Millet",Joly S.A.R.L.
145,Thérèse,Techer,thérèse.techer@live.com,+33 1 17 67 59 47,"7, rue de Barthelemy, 11634 Sainte Lorraine-la-Forêt",Moreno SA
146,Anne,Traore,anne.traore@noos.fr,0803321189,"97, avenue Merle, 99252 Sainte Henri",Blanchet SARL
147,Julie,Hoarau,julie.hoarau@yahoo.fr,+33 (0)6 78 97 45 91,"avenue de Poirier, 39541 RodriguezVille",Navarro et Fils
148,Roger,Ledoux,roger.ledoux@dbmail.com,0170553555,"7, boulevard de Tanguy, 69081 Laurent",Meunier
149,Éric,Marchand,éric.marchand@gmail.com,0235391365,"avenue Paris, 32702 Saint Henriette",Morin SARL
150,Pauline,Vincent,pauline.vincent@orange.fr,+33 6 74 49 58 57,"43, rue Gautier, 98199 De Sousadan",Garcia
151,Nathalie,Chauvet,nathalie.chauvet@wanadoo.fr,0483294846,"793, boulevard Margaud Le Gall, 59484 CohenBourg",Breton
152,Marie,Garnier,marie.garnier@noos.fr,0501591839,"chemin Bouvet, 18073 Buisson",Aubry
153,Luc,Vallet,luc.vallet@ifrance.com,04 74 50 99 94,"3, avenue Rémy Lévêque, 93287 Poirierdan",Perez et Fils
154,Jérôme,Lenoir,jérôme.lenoir@gmail.com,0155506524,"boulevard de Bailly, 49515 Sainte Véronique",Pelletier Chauvet SARL
155,Marine,Aubry,marine.aubry@tiscali.fr,+33 (0)1 72 35 31 06,"105, rue de Jacques, 32716 Lefèvre-la-Forêt",Dos Santos SA
156,Alain,Boucher,alain.boucher@noos.fr,0215795453,"937, rue de Potier, 50831 BergerVille",Gérard
157,Susanne,Auger,susanne.auger@orange.fr,08 08 76 27 42,"55, avenue Thomas, 12959 Moreau",Joubert S.A.
158,Inès,Meyer,inès.meyer@hotmail.fr,+33 1 28 26 60 54,"4, rue de Tessier, 51955 Sainte Laurentboeuf",Gérard
159,Marcel,Hardy,marcel.hardy@free.fr,+33 1 81 59 98 91,"57, rue Anastasie Humbert, 15242 Pons",Besson SARL
160,René,Dupré,rené.dupré@live.com,+33 1 63 32 97 96,"rue Antoine Besnard, 91064 Blot-sur-Bourgeois",Bernard
161,Mathilde,Bonneau,mathilde.bonneau@orange.fr,01 97 79 66 60,"25, boulevard de Lebreton, 96324 Sainte Simone",Voisin
162,Adèle,Grégoire,adèle.grégoire@orange.fr,0390724350,"13, boulevard Chevallier, 49832 Morenodan",Maillet
163,Charlotte,Raymond,charlotte.raymond@laposte.net,+33 (0)1 96 65 42 47,"437, rue de Mahe, 06384 Duval-la-Forêt",Goncalves
164,Henri,Faivre,henri.faivre@sfr.fr,0322539920,"59, rue Charles Lopes, 16459 Hardy-la-Forêt",Berthelot S.A.S.
165,Suzanne,Lefèvre,suzanne.lefèvre@voila.fr,0569759316,"5, chemin de Ramos, 00265 Sainte Suzanne",Blondel
166,Jeanne,Allain,jeanne.allain@ifrance.com,+33 (0)8 01 98 33 58,"2, chemin Guillaume, 91635 Saint Monique-les-Bains",Huet
167,Margaux,Guyon,margaux.guyon@free.fr,+33 5 66 33 08 46,"6, chemin de Deschamps, 79390 Peltier-sur-Nicolas",Lesage
168,Lucy,Roussel,lucy.roussel@gmail.com,+33 (0)6 55 19 41 34,"avenue Henri Germain, 23209 Sainte Christiane",Lamy Hoarau S.A.
169,Laurence,Pereira,laurence.pereira@dbmail.com,+33 3 41 77 37 47,"49, avenue de Marty, 46229 CamusBourg",Raynaud Barre et Fils
170,Geneviève,Baron,geneviève.baron@voila.fr,0373634950,"rue Henriette Toussaint, 00694 RémyVille",Gautier
171,Astrid,Paris,astrid.paris@gmail.com,0500519081,"596, rue Arnaud, 28337 Bertin-sur-Alexandre",Roux Barbe S.A.S.
172,Claire,Sanchez,claire.sanchez@orange.fr,+33 1 67 13 31 26,"49, rue de Courtois, 27920 Collin",Martineau
173,Cécile,Godard,cécile.godard@noos.fr,0583148835,"564, chemin Noémi Julien, 14431 Lejeune",Gomes Lecomte S.A.R.L.
174,Stéphanie,Barthelemy,stéphanie.barthelemy@orange.fr,0185619771,"9, chemin Alain Perrier, 30920 Lamyboeuf",Mace
175,Alex,Fournier,alex.fournier@bouygtel.fr,06 99 01 02 98,"36, chemin de Hamel, 31429 Hoarau",Richard Wagner SA
176,Capucine,Baron,capucine.baron@club-internet.fr,+33 (0)1 67 92 02 08,"6, avenue Fouquet, 46067 Gaillard-sur-Mer",Allard S.A.S.
177,Étienne,Hardy,étienne.hardy@sfr.fr,01 54 39 05 41,"rue Christiane Monnier, 62082 Perret",Ribeiro Texier S.A.S.
178,Inès,Roux,inès.roux@gmail.com,+33 6 09 54 79 44,"81, rue de Peron, 22563 Deschampsboeuf",Adam
179,Corinne,Rousset,corinne.rousset@voila.fr,+33 (0)4 61 96 71 17,"96, chemin Lamy, 42197 Bouvier-sur-Mer",Vasseur S.A.R.L.
180,Nathalie,Ramos,nathalie.ramos@wanadoo.fr,02 28 80 34 83,"chemin de Lemonnier, 62039 Leclerc",Cousin
181,Adrien,Dupont,adrien.dupont@noos.fr,03 80 21 56 34,"39, rue de Millet, 06645 Bodin",Duhamel Coste S.A.S.
182,Auguste,Marin,auguste.marin@orange.fr,+33 5 42 27 30 13,"30, chemin de Lacombe, 09347 Marieboeuf",Chartier S.A.R.L.
183,Aimée,Hubert,aimée.hubert@gmail.com,+33 (0)6 57 34 41 01,"83, avenue de Paul, 22087 Sainte Lorraineboeuf",Faure Duhamel S.A.S.
184,Zacharie,Pineau,zacharie.pineau@sfr.fr,08 06 02 44 84,"8, avenue Klein, 85791 Lacroix",Barthelemy
185,Adrienne,Pichon,adrienne.pichon@laposte.net,06 51 49 39 28,"3, rue de Vaillant, 87420 Benard-la-Forêt",Rousseau
186,Martine,David,martine.david@gmail.com,+33 8 06 10 67 93,"3, boulevard Benoît Mercier, 42723 Clerc",Gimenez Descamps SA
187,Charles,Pons,charles.pons@tiscali.fr,0521090036,"chemin Susanne Roussel, 15583 Potier-sur-Mer",Hardy
188,Paul,Barbier,paul.barbier@free.fr,0611466848,"avenue Georges Lemoine, 68094 Peron-sur-Gomes",Chrétien Durand SA
189,Arthur,Simon,arthur.simon@orange.fr,0411447016,"29, boulevard Lemaire, 54501 Kleinboeuf",Robert
190,Guillaume,Camus,guillaume.camus@dbmail.com,+33 6 31 65 81 22,"5, boulevard de Samson, 05379 Renaud-sur-Bigot",Pichon S.A.
191,Adèle,Raynaud,adèle.raynaud@dbmail.com,0599061566,"75, boulevard Roland Lacombe, 31632 Rousseau",Hoareau
192,Manon,Andre,manon.andre@yahoo.fr,+33 (0)2 52 25 76 54,"82, rue de Dupré, 26855 Saint Maryse-les-Bains",Germain
193,Margot,Martins,margot.martins@yahoo.fr,0259017893,"41, rue Guillaume, 55044 Sainte Laure",Barre S.A.
194,Antoinette,Chevalier,antoinette.chevalier@noos.fr,+33 1 77 85 05 01,"4, rue de Parent, 61627 Duhamel-sur-Bailly",Thomas
195,Élisabeth,David,élisabeth.david@sfr.fr,+33 2 92 72 73 08,"77, avenue Yves Bonneau, 29077 Da Costanec",Ledoux Lambert SA
196,Nath,Gallet,nath.gallet@dbmail.com,01 73 99 08 39,"94, rue de Nguyen, 46319 Chauvin",Leleu Labbé S.A.R.L.
197,Susan,Regnier,susan.regnier@tiscali.fr,+33 (0)6 46 55 65 64,"45, chemin Richard, 63963 PrévostBourg",Guillaume et Fils
198,Théophile,Sanchez,théophile.sanchez@sfr.fr,0313239654,"370, boulevard Christophe Bernard, 74388 Techer",Schneider
199,Grégoire,Gonzalez,grégoire.gonzalez@dbmail.com,01 45 77 62 97,"86, chemin Marin, 05757 Saint Véronique-la-Forêt",Ferrand
200,Bernadette,Leblanc,bernadette.leblanc@tele2.fr,+33 (0)8 05 76 80 68,"6, boulevard Lelièvre, 30488 Texier",Pottier Noël S.A.S.
201,Anne,Lemaire,anne.lemaire@gmail.com,0155072890,"94, rue de Cousin, 33733 Barre",Masse Auger SARL
202,Henri,Andre,henri.andre@ifrance.com,+33 4 39 93 62 74,"5, rue Vincent, 17447 Baron-sur-Mer",Laporte
203,Julie,Nicolas,julie.nicolas@dbmail.com,01 51 82 97 99,"94, rue Sanchez, 14038 Petitjean",Vaillant
204,Adèle,Traore,adèle.traore@yahoo.fr,06 03 86 06 69,"chemin Legros, 37729 Renault-sur-Dijoux",Marchal
205,Eugène,Ramos,eugène.ramos@voila.fr,0557284017,"38, boulevard Guérin, 82701 Benardboeuf",Marty
206,Michel,Marie,michel.marie@noos.fr,08 09 98 19 99,"6, avenue de Lemaire, 19509 Langlois",Leblanc Martel S.A.
207,Alex,Marques,alex.marques@voila.fr,0805973769,"47, avenue Roux, 07021 Paul",Bazin Traore SA
208,Marianne,Rivière,marianne.rivière@noos.fr,+33 4 80 26 21 65,"20, rue Hardy, 18191 Saint Pierre",Blin
209,Édith,Rodrigues,édith.rodrigues@club-internet.fr,0299935427,"33, boulevard de Carlier, 60929 Sainte Eugène",Gilbert SA
210,Henri,Lecomte,henri.lecomte@club-internet.fr,+33 (0)4 30 97 66 73,"6, avenue Vincent Bonneau, 01997 Pierredan",Fleury S.A.
211,Augustin,Dumas,augustin.dumas@dbmail.com,0106533350,"rue Monnier, 86432 Sauvagedan",Pruvost Morin S.A.S.
212,Emmanuelle,Vidal,emmanuelle.vidal@yahoo.fr,0592146432,"53, rue Franck Caron, 42113 Bodin-sur-Menard",Payet Sauvage S.A.
213,Colette,Ferrand,colette.ferrand@tiscali.fr,+33 (0)6 56 82 06 99,"66, boulevard de Devaux, 35397 Sainte Josette",Dupont
214,Élodie,Lebrun,élodie.lebrun@sfr.fr,0420571896,"123, rue Marthe Mendès, 74944 Sainte Richard",Garcia S.A.S.
215,André,Bigot,andré.bigot@gmail.com,+33 1 10 44 11 13,"85, boulevard Maillet, 64903 Marty",Picard
216,Astrid,Aubert,astrid.aubert@ifrance.com,+33 (0)3 04 98 34 29,"44, rue Raymond, 79239 Léger",Charrier
217,Marthe,Leleu,marthe.leleu@hotmail.fr,06 34 40 59 49,"95, chemin Alexandria Vallée, 16323 Guichard",Imbert
218,Brigitte,Boutin,brigitte.boutin@noos.fr,+33 5 87 51 39 74,"rue Potier, 86581 Sainte Théodoredan",Lopez
219,Thierry,Allard,thierry.allard@tiscali.fr,0809728307,"530, avenue Marques, 52967 Legros",Grondin Morel SARL
220,Célina,Descamps,célina.descamps@tele2.fr,+33 (0)8 05 49 24 03,"81, boulevard Coulon, 24810 Louis",Tanguy
221,Joseph,Guichard,joseph.guichard@dbmail.com,+33 6 43 80 64 46,"rue de Martin, 38082 Ferrand-sur-Hervé",Renard Mary S.A.R.L.
222,Auguste,Bègue,auguste.bègue@tiscali.fr,0383513322,"84, rue Zacharie Leclerc, 77283 Perrier-la-Forêt",Lévêque Delahaye SARL
223,Célina,Potier,célina.potier@laposte.net,03 67 63 90 49,"19, boulevard Jeannine Roger, 09421 Sainte Xavier",Neveu SARL
224,Camille,Michaud,camille.michaud@yahoo.fr,01 65 33 29 76,"229, chemin de Sauvage, 24838 Lecoq",Baudry
225,Xavier,Lecoq,xavier.lecoq@hotmail.fr,0807012244,"65, boulevard de Louis, 90838 Guichard-les-Bains",Lelièvre
226,Clémence,Martins,clémence.martins@tele2.fr,01 43 18 76 94,"rue Weiss, 78207 Laine",Dumont
227,André,Gomez,andré.gomez@free.fr,+33 4 90 55 74 59,"5, avenue de Legrand, 95956 Saint MarianneVille",Rossi Moreno SARL
228,Suzanne,Guillot,suzanne.guillot@voila.fr,+33 (0)5 81 46 64 57,"75, rue Émile Garnier, 59204 Becker-sur-Aubry",Bègue Blondel SARL
229,Françoise,Benoit,françoise.benoit@sfr.fr,+33 1 97 62 14 65,"45, rue de Thierry, 25123 Rodriguezdan",Mary
230,Benjamin,Hebert,benjamin.hebert@tele2.fr,+33 1 86 19 93 76,"10, boulevard Andrée Jacquot, 33969 Samson-les-Bains",Martineau Girard et Fils
231,Olivier,Pereira,olivier.pereira@voila.fr,+33 8 09 11 03 32,"78, chemin Pruvost, 56185 Saint Benoît",Léger
232,Mathilde,Da Silva,mathilde.da silva@free.fr,+33 (0)6 55 42 76 33,"rue Colette Maury, 88201 Sainte Honoré",Boulanger Masse SA
233,Émile,Bodin,émile.bodin@wanadoo.fr,0124561604,"557, rue Teixeira, 10343 Saint Michèle-sur-Mer",Lesage
234,Théodore,Pinto,théodore.pinto@tiscali.fr,02 33 03 52 43,"96, rue Gilles Cousin, 20502 Saint FrédéricVille",Caron S.A.R.L.
235,Laetitia,Schneider,laetitia.schneider@voila.fr,04 13 99 88 03,"avenue de Aubry, 99289 GomesBourg",Mathieu Dias S.A.
236,Christelle,Meyer,christelle.meyer@voila.fr,+33 (0)2 43 14 47 73,"886, avenue Matthieu Valentin, 16631 Lefort",Delmas Guyon SA
237,Constance,Potier,constance.potier@hotmail.fr,+33 (0)1 65 33 56 10,"74, chemin de Jacob, 20120 Raynaud",Laporte
238,Chantal,Nguyen,chantal.nguyen@sfr.fr,01 05 86 79 96,"512, boulevard Samson, 42914 Baillynec",Mahe S.A.
239,Édith,Jacquet,édith.jacquet@sfr.fr,+33 (0)1 98 41 65 65,"10, boulevard Gaudin, 16535 Neveu",Lemaître
240,William,Bouvier,william.bouvier@dbmail.com,+33 (0)5 45 44 26 96,"4, avenue Lorraine Dumont, 24003 Le Roux",Lemonnier S.A.R.L.
241,Lucie,Lopez,lucie.lopez@bouygtel.fr,+33 1 73 35 11 47,"95, rue Becker, 26418 Lacombe-sur-Charpentier",Fischer Reynaud S.A.R.L.
242,Patrick,Besson,patrick.besson@bouygtel.fr,0152431466,"2, rue de Gaillard, 39540 Robert",Hebert
243,Sébastien,Peltier,sébastien.peltier@club-internet.fr,0520942077,"11, avenue Maurice Baron, 97715 Gimenez-la-Forêt",Reynaud
244,Catherine,Bouvier,catherine.bouvier@club-internet.fr,+33 (0)5 11 13 67 19,"9, rue Gosselin, 85252 Leduc",Roy
245,Étienne,Poulain,étienne.poulain@free.fr,05 12 50 14 44,"86, boulevard de Lefebvre, 69145 Courtoisnec",Collet
246,Édouard,Pons,édouard.pons@orange.fr,0270301056,"2, chemin Bigot, 26454 De Oliveira-la-Forêt",Nguyen
247,Noël,Fischer,noël.fischer@free.fr,05 42 19 22 44,"rue Aimé Pierre, 95804 Gilles-sur-Vallée",Mathieu
248,Jean,Boucher,jean.boucher@sfr.fr,+33 6 95 20 00 31,"5, boulevard Hamon, 23889 De Sousa",Renaud
249,Zoé,Vincent,zoé.vincent@wanadoo.fr,03 97 26 98 81,"35, avenue de Alves, 64366 Delattre-sur-Charrier",Ramos Jacques SA
250,Alain,Pottier,alain.pottier@tiscali.fr,+33 (0)2 55 57 94 98,"chemin Gonzalez, 31193 Sainte Bernadette",Clément
251,Danielle,Raynaud,danielle.raynaud@gmail.com,+33 (0)1 23 16 29 95,"27, rue de Grégoire, 27953 Marie",Vallée
252,Corinne,Chartier,corinne.chartier@gmail.com,01 36 79 26 08,"68, rue Blanc, 32653 Sainte Louis-les-Bains",Lelièvre Bonneau S.A.R.L.
253,Théophile,Benard,théophile.benard@free.fr,0146533362,"12, chemin Margot Texier, 43720 Guilbert",Lemaître Jacques S.A.R.L.
254,Michel,Evrard,michel.evrard@laposte.net,+33 3 78 92 09 06,"boulevard Weber, 70688 Sainte CélinaVille",Guillet
255,Dominique,Vincent,dominique.vincent@tiscali.fr,+33 1 29 57 50 13,"chemin Marc Ferreira, 35786 Olivier-sur-Mer",Guérin
256,Claire,Vallée,claire.vallée@voila.fr,04 30 33 49 82,"366, rue Garnier, 79113 Lebrun-la-Forêt",Hamel S.A.S.
257,Luce,Charrier,luce.charrier@tiscali.fr,0415404006,"boulevard Adèle Lemoine, 28992 Torres",Jacques
258,Guillaume,Fabre,guillaume.fabre@bouygtel.fr,+33 3 13 21 47 75,"45, rue Boucher, 90745 Gautier-sur-Techer",Dupuy
259,Tristan,Maréchal,tristan.maréchal@dbmail.com,01 55 38 47 30,"82, avenue Patrick Laurent, 84264 Martineau-sur-Aubry",Pages SARL
260,Franck,Thibault,franck.thibault@live.com,0585938340,"539, rue Suzanne Michaud, 86556 Klein-sur-Mer",Lopes SA
261,Zacharie,Jacques,zacharie.jacques@laposte.net,08 08 14 32 14,"6, rue de Brunet, 71936 Aubry",Thomas S.A.S.
262,Valérie,Barre,valérie.barre@bouygtel.fr,0408909637,"16, rue Briand, 14152 NoëlBourg",Henry Roger S.A.
263,Luc,Regnier,luc.regnier@live.com,+33 (0)5 83 43 83 41,"23, chemin de Samson, 94230 Delahayedan",Bourdon
264,Valentine,Jean,valentine.jean@ifrance.com,+33 1 95 88 27 13,"79, rue Nicole Bernard, 40190 Vaillant",Nguyen
265,Valentine,Masse,valentine.masse@tiscali.fr,+33 (0)8 03 05 64 58,"22, chemin de Robin, 56159 Perrier",Fleury
266,Agathe,Goncalves,agathe.goncalves@gmail.com,+33 (0)8 03 71 53 47,"98, avenue de Lemoine, 27785 Labbé-sur-Gaudin",Lacroix S.A.
267,Christophe,Fischer,christophe.fischer@dbmail.com,01 76 98 60 95,"32, rue Jeannine Gallet, 99389 Lebrun-les-Bains",Laine
268,Franck,Chauvin,franck.chauvin@ifrance.com,0257956712,"42, rue de Fischer, 52982 Jourdan-sur-Pascal",Louis
269,Maurice,Pascal,maurice.pascal@noos.fr,06 20 98 44 81,"16, chemin de Martel, 87798 Bègue",Briand
270,Émilie,Baron,émilie.baron@gmail.com,+33 (0)4 13 33 45 82,"28, chemin Richard, 46702 Samson",Schneider S.A.
271,Alice,Laroche,alice.laroche@noos.fr,08 07 59 23 55,"66, boulevard Sylvie Cordier, 71463 Sainte Matthieu",Dubois
272,Margaud,Petit,margaud.petit@club-internet.fr,+33 (0)1 09 38 55 51,"rue Muller, 19425 Weiss-sur-Moulin",Nguyen S.A.S.
273,Zacharie,Gilbert,zacharie.gilbert@ifrance.com,01 71 80 74 15,"78, rue Élisabeth Ferrand, 26650 Saint Adrienne",Albert Charpentier S.A.S.
274,Christine,Guibert,christine.guibert@dbmail.com,0315270764,"6, boulevard Evrard, 36420 Bonneauboeuf",Colin
275,Inès,Cordier,inès.cordier@club-internet.fr,+33 4 84 59 56 99,"7, rue Blot, 75838 Marin",Menard
276,Paulette,Masson,paulette.masson@laposte.net,+33 1 45 20 99 86,"50, chemin Louise Schneider, 96816 Bernier-la-Forêt",Moreau Delattre SARL
277,Julie,Pons,julie.pons@tiscali.fr,01 55 92 54 97,"24, rue Philippe Ferreira, 58790 Brunel-les-Bains",Couturier
278,Luc,Royer,luc.royer@voila.fr,0605513186,"343, rue de Perrot, 38626 Sainte Philippe",Bernard S.A.R.L.
279,Théodore,Baron,théodore.baron@live.com,+33 (0)2 60 90 39 02,"666, rue Clerc, 51228 Fischer",Hardy
280,Juliette,Marion,juliette.marion@hotmail.fr,03 98 38 54 86,"rue de Gilles, 15480 Sainte Jules",Hoarau SARL
281,Diane,Fontaine,diane.fontaine@dbmail.com,+33 8 09 35 11 01,"86, chemin Louise Lambert, 71852 Le GoffVille",Cordier
282,Juliette,Giraud,juliette.giraud@live.com,05 73 59 90 93,"3, avenue Olivier Valette, 99107 Saint Honoré",Neveu S.A.R.L.
283,Grégoire,Leclercq,grégoire.leclercq@noos.fr,+33 1 03 28 03 12,"88, boulevard de Petit, 86407 Vallée",Legrand Leclercq S.A.R.L.
284,Antoine,Germain,antoine.germain@ifrance.com,+33 (0)8 06 26 98 64,"248, rue Adèle Diaz, 87469 Couturierdan",Martel
285,Corinne,Bodin,corinne.bodin@orange.fr,+33 (0)1 53 34 46 64,"4, boulevard Mahe, 88770 Descamps-sur-Courtois",Bertrand
286,Alfred,Rocher,alfred.rocher@yahoo.fr,+33 6 91 83 26 94,"84, chemin William Torres, 38633 Saint Robert",Louis
287,Rémy,Vasseur,rémy.vasseur@voila.fr,+33 (0)4 74 83 05 66,"56, boulevard Stéphane Maillet, 94005 Sainte Zoéboeuf",Voisin
288,Maryse,Poulain,maryse.poulain@laposte.net,+33 2 06 93 12 34,"543, boulevard Meunier, 95593 Ferreiradan",Renaud
289,Anaïs,Lejeune,anaïs.lejeune@gmail.com,03 06 17 35 02,"96, rue Gérard, 71018 Saint Émilie",Dupré
290,Christophe,Étienne,christophe.étienne@gmail.com,+33 5 78 19 34 40,"63, rue de Bonnet, 58600 Durand-les-Bains",Guillot S.A.R.L.
291,Margaret,Lenoir,margaret.lenoir@wanadoo.fr,+33 8 00 37 02 02,"61, boulevard de Perret, 93314 Guilletnec",Hervé Neveu SARL
292,Josette,Charles,josette.charles@voila.fr,+33 5 33 70 16 51,"chemin de Lebreton, 04943 Brunel",Fleury
293,Denise,Blanc,denise.blanc@yahoo.fr,02 68 15 94 46,"76, rue Henri Salmon, 05268 Da Silva",Potier
294,Noémi,Richard,noémi.richard@voila.fr,+33 (0)1 35 31 30 39,"784, avenue Lagarde, 69052 Martel-sur-Le Roux",Martin SARL
295,Marc,Laine,marc.laine@free.fr,01 97 97 33 57,"58, chemin Roland Camus, 00468 OlivierVille",Masse
296,Édith,Descamps,édith.descamps@voila.fr,0473585990,"86, chemin de Carre, 04113 Letellierboeuf",Gaillard Marin S.A.R.L.
297,Pauline,Lemaire,pauline.lemaire@live.com,+33 (0)3 12 11 67 62,"9, rue de Ruiz, 93268 Collet-sur-Royer",Perrier S.A.S.
298,Patricia,Gilles,patricia.gilles@live.com,+33 (0)5 45 39 65 10,"4, chemin Maillet, 94604 Sainte Marcboeuf",Fernandes Albert SA
299,Élodie,Mallet,élodie.mallet@yahoo.fr,+33 3 81 73 25 29,"76, rue Guilbert, 72377 Sainte Frédéric",Benoit
300,Isabelle,Collin,isabelle.collin@sfr.fr,+33 (0)5 11 63 40 15,"7, rue Duval, 17539 Jacquot",Faure
301,Dominique,Bègue,dominique.bègue@noos.fr,0445981336,"413, avenue Sébastien Lejeune, 06640 HenryVille",Thibault SA
302,Sébastien,Bertrand,sébastien.bertrand@voila.fr,01 89 82 71 19,"43, rue Gauthier, 37585 Petitjean",Gay S.A.R.L.
303,Alex,Allain,alex.allain@tiscali.fr,02 52 03 36 62,"780, rue Alfred Legros, 21356 Prévost",Leclercq Gosselin S.A.S.
304,Paul,Mallet,paul.mallet@yahoo.fr,01 98 93 40 29,"68, avenue de Rousset, 25135 Bourgeois",Millet S.A.S.
305,Victoire,Lagarde,victoire.lagarde@yahoo.fr,0804901427,"9, boulevard Joly, 18390 Guilbert",Lagarde
306,Étienne,Sanchez,étienne.sanchez@laposte.net,+33 3 52 48 74 38,"45, avenue Victor Adam, 92434 Joly",Germain Fernandes S.A.S.
307,Emmanuel,Gautier,emmanuel.gautier@tiscali.fr,0591342040,"chemin Margaud Prévost, 62981 Legros-sur-Lebreton",Hernandez
308,Henriette,Ollivier,henriette.ollivier@yahoo.fr,04 61 61 47 42,"79, rue Renard, 33544 MarinVille",Lopes
309,Théodore,Perret,théodore.perret@tiscali.fr,+33 (0)1 46 03 13 48,"rue Jeanne Laporte, 14196 Rivièredan",Garcia SARL
310,Sophie,Goncalves,sophie.goncalves@live.com,08 03 34 53 22,"32, chemin Marianne Garcia, 41788 Lamy",Pons Weiss S.A.S.
311,Bertrand,Normand,bertrand.normand@live.com,+33 (0)6 64 99 17 53,"1, rue Zacharie Allain, 12548 Saint Zacharienec",Lemonnier Rodrigues SA
312,Yves,Schneider,yves.schneider@sfr.fr,+33 8 04 70 84 81,"79, rue Sauvage, 78758 GuilletBourg",François
313,Aurélie,Riou,aurélie.riou@sfr.fr,+33 (0)5 15 16 66 35,"boulevard Grégoire Schneider, 90202 Parisboeuf",Marion
314,Philippe,Antoine,philippe.antoine@orange.fr,+33 4 57 52 04 24,"296, avenue Brigitte Cordier, 10340 Guillon",Arnaud Hoareau S.A.
315,Luc,Lamy,luc.lamy@wanadoo.fr,+33 (0)2 20 09 24 44,"2, chemin Carpentier, 58185 Bourdon",Cohen S.A.R.L.
316,Christiane,Lenoir,christiane.lenoir@tele2.fr,05 39 18 80 90,"467, chemin Thomas, 93791 Duval-sur-Lopes",Rodriguez
317,Mathilde,Jacquet,mathilde.jacquet@sfr.fr,+33 (0)1 26 83 50 26,"7, rue Richard Rolland, 69253 Bonnetboeuf",Pasquier
318,Antoine,Gomez,antoine.gomez@hotmail.fr,0802781817,"3, rue de Navarro, 72648 Sainte Jacques",Vallée Guérin S.A.
319,Alice,Baudry,alice.baudry@yahoo.fr,+33 6 67 44 81 17,"33, rue Alfred Bertin, 51238 Vincent-la-Forêt",Gosselin SA
320,Pénélope,Godard,pénélope.godard@noos.fr,+33 (0)4 68 88 09 11,"avenue de Fouquet, 65960 Regnier-la-Forêt",Georges
321,Michèle,Lefèvre,michèle.lefèvre@bouygtel.fr,+33 (0)1 44 32 43 81,"77, rue Gros, 21268 Dupré-sur-Mer",Martel
322,Louis,Rey,louis.rey@hotmail.fr,0329064488,"576, chemin de Hoareau, 91712 Poulain",Pasquier et Fils
323,Robert,Ramos,robert.ramos@ifrance.com,+33 3 48 49 08 48,"16, rue de Charpentier, 19729 Perez",Boyer
324,Jacques,Schmitt,jacques.schmitt@noos.fr,0550125560,"6, boulevard de Le Goff, 71987 Foucher",Hoareau
325,Christine,Pascal,christine.pascal@club-internet.fr,08 03 65 07 62,"41, boulevard Pasquier, 75457 Saint PénélopeVille",Imbert
326,Roger,De Oliveira,roger.de oliveira@orange.fr,01 39 19 14 90,"36, avenue Josette Guillon, 86545 Saint Capucine-sur-Mer",Perrin Pons et Fils
327,Jacques,Bernard,jacques.bernard@free.fr,0604321857,"150, rue François Legros, 69549 Duhamel-sur-Da Silva",Bousquet Dupuy S.A.
328,Margot,Peltier,margot.peltier@voila.fr,08 00 80 01 25,"316, avenue de Lemoine, 72170 JacobBourg",Leleu S.A.R.L.
329,Valentine,Guillon,valentine.guillon@hotmail.fr,+33 (0)8 09 27 29 01,"25, avenue Colette Bonneau, 03127 Sainte Arnaude",Godard Techer SA
330,Nathalie,Joly,nathalie.joly@ifrance.com,+33 (0)8 01 88 33 90,"1, boulevard de Millet, 51525 Pruvost",Torres S.A.S.
331,Émilie,Camus,émilie.camus@yahoo.fr,+33 1 95 72 82 75,"rue de Jacquot, 55349 Hervéboeuf",Chauveau et Fils
332,Christelle,Cousin,christelle.cousin@laposte.net,0130747015,"436, avenue de Pereira, 41428 Verdier",Pasquier
333,Alice,Legros,alice.legros@orange.fr,+33 (0)5 16 54 76 65,"13, chemin Lebrun, 54571 Bruneau-sur-Marchand",Bourdon et Fils
334,François,Carlier,françois.carlier@orange.fr,+33 (0)1 43 41 66 41,"18, boulevard Maury, 23334 Saint Matthieudan",Simon S.A.R.L.
335,Olivie,Dumont,olivie.dumont@live.com,03 65 72 99 03,"5, rue de Texier, 76363 Sainte BernardBourg",Daniel
336,Thibault,Bazin,thibault.bazin@free.fr,+33 1 90 31 40 32,"265, boulevard Zoé Sanchez, 79012 Greniernec",Carpentier
337,Martine,Legros,martine.legros@club-internet.fr,+33 2 11 70 42 26,"7, rue Goncalves, 59910 Michelnec",Adam
338,Victor,Leleu,victor.leleu@wanadoo.fr,+33 (0)5 35 15 03 86,"9, boulevard Schneider, 60986 Perrinboeuf",Descamps Chrétien S.A.R.L.
339,Philippine,Roger,philippine.roger@gmail.com,+33 (0)4 38 28 49 73,"51, avenue Daniel Techer, 59112 Vasseur",Maury
340,Margaret,Olivier,margaret.olivier@sfr.fr,08 03 93 34 64,"379, avenue de Hoarau, 51762 DavidVille",Mendès
341,Matthieu,Hubert,matthieu.hubert@orange.fr,01 03 73 88 86,"11, rue Sophie Lemaire, 87241 Chauveau-sur-Fischer",Laroche SARL
342,Augustin,Guyot,augustin.guyot@laposte.net,+33 (0)4 85 68 79 99,"avenue Pelletier, 01868 Aubert-sur-Masse",Gilbert
343,Zoé,Pineau,zoé.pineau@dbmail.com,0167168433,"67, chemin Théophile Hamel, 75593 Durand",Carpentier Guérin SARL
344,Aurélie,Picard,aurélie.picard@sfr.fr,+33 (0)5 69 54 95 26,"11, rue Michel Charrier, 75568 Millet",Mercier Guyot SARL
345,Olivie,Descamps,olivie.descamps@laposte.net,+33 (0)1 35 47 22 18,"76, avenue Dupré, 61238 Antoine",Delannoy Blondel SARL
346,Alix,Bonneau,alix.bonneau@noos.fr,03 45 90 60 49,"33, rue Hamel, 24987 Da Costa",Guillaume
347,Maurice,Gaudin,maurice.gaudin@live.com,+33 8 00 94 49 78,"66, rue Traore, 51134 Valentindan",Riou S.A.R.L.
348,Alexandre,Foucher,alexandre.foucher@live.com,+33 (0)5 74 35 76 70,"8, boulevard Stéphane Chrétien, 93913 Poirier",Vasseur S.A.R.L.
349,Antoinette,Nguyen,antoinette.nguyen@dbmail.com,+33 1 72 18 94 35,"7, rue de Charrier, 34223 Gauthier",Jacquet Boucher SA
350,Gabrielle,Roussel,gabrielle.roussel@noos.fr,0299511618,"8, rue de Gonzalez, 64966 Perez-les-Bains",Mercier
351,Claude,Ferreira,claude.ferreira@tele2.fr,04 47 95 83 42,"rue Mathilde Gilles, 30778 Marty",Merle
352,Timothée,Imbert,timothée.imbert@bouygtel.fr,+33 6 08 95 12 75,"267, rue de Georges, 16470 Boulangernec",Gros SARL
353,Pauline,Delannoy,pauline.delannoy@bouygtel.fr,+33 (0)1 92 42 47 79,"8, rue Giraud, 03603 Mendès-sur-Mer",Charrier S.A.
354,Sébastien,Joubert,sébastien.joubert@wanadoo.fr,+33 5 96 21 19 69,"801, boulevard de Costa, 96003 MathieuVille",Alves Maillot S.A.
355,Antoine,Fischer,antoine.fischer@sfr.fr,0121251009,"86, rue Alix Henry, 38229 Blanchard",Hervé Gallet S.A.S.
356,Charles,Aubert,charles.aubert@sfr.fr,+33 3 64 48 30 22,"80, avenue Masson, 56311 Turpin-les-Bains",Lévy Perret S.A.R.L.
357,Nath,Maillard,nath.maillard@gmail.com,0569535586,"75, rue William Delaunay, 33400 Courtoisdan",Foucher SARL
358,Virginie,Lambert,virginie.lambert@club-internet.fr,+33 5 33 14 80 10,"71, avenue Lambert, 84992 Huet",Lévy SARL
359,Catherine,Martinez,catherine.martinez@yahoo.fr,+33 (0)3 95 18 57 66,"13, rue Margaud Carlier, 48492 BuissonBourg",Maillet SARL
360,Charlotte,Klein,charlotte.klein@orange.fr,+33 (0)6 78 29 82 25,"avenue Laurent Merle, 29362 Martineznec",Fabre Marion S.A.S.
361,David,Delaunay,david.delaunay@gmail.com,+33 (0)1 28 74 48 87,"400, chemin de Lefèvre, 89791 Lebrunboeuf",Le Goff
362,Sylvie,Bazin,sylvie.bazin@bouygtel.fr,0807836055,"rue de Dumont, 87485 RogerVille",Neveu Thierry SARL
363,Michèle,Marques,michèle.marques@hotmail.fr,05 26 81 31 82,"93, rue de Millet, 09220 Brunet",Klein Lemoine S.A.
364,Henriette,Raynaud,henriette.raynaud@gmail.com,+33 3 55 68 98 29,"72, avenue de Lemaire, 42574 Bertrand",Perrier
365,Nath,Lombard,nath.lombard@voila.fr,0338193532,"rue Valérie Guillon, 11819 Alexandre",Lévy Alves et Fils
366,Franck,Faure,franck.faure@wanadoo.fr,0585969637,"rue de Martinez, 95141 Saint Margaud-sur-Mer",Rossi Fournier et Fils
367,Philippine,Coulon,philippine.coulon@yahoo.fr,+33 4 37 39 23 33,"4, avenue Ferreira, 75222 Poirier",Devaux
368,Thibaut,Dumas,thibaut.dumas@laposte.net,+33 3 00 72 72 15,"51, rue Lenoir, 17974 Sainte Agathe",Lopes S.A.
369,Luc,Chauveau,luc.chauveau@hotmail.fr,+33 8 02 67 11 96,"949, avenue Nath Marin, 37019 Ramos",Rivière Perret SA
370,Véronique,Martel,véronique.martel@laposte.net,01 20 83 82 19,"62, chemin Aurore Rey, 28996 Saint Joseph-sur-Mer",Klein
371,Alphonse,Maillet,alphonse.maillet@noos.fr,+33 5 45 97 29 38,"boulevard de Bourdon, 04500 Greniernec",Vasseur
372,Anouk,Mendès,anouk.mendès@live.com,+33 1 64 55 15 21,"136, rue Rodrigues, 23173 Michaud",Robert Hoareau S.A.S.
373,Bertrand,Raynaud,bertrand.raynaud@voila.fr,+33 (0)6 72 99 70 24,"48, boulevard Arnaude Blanchet, 19816 Dijoux",Boyer Mercier S.A.R.L.
374,Amélie,Thierry,amélie.thierry@tiscali.fr,0394220224,"366, rue Lesage, 95879 Paul",Meunier Thomas S.A.R.L.
375,Jules,Huet,jules.huet@voila.fr,0437898493,"33, rue de Bertin, 76995 Bonneau-sur-Mer",Guillou et Fils
376,Raymond,Baron,raymond.baron@yahoo.fr,0360861233,"763, chemin Adrienne Hoarau, 45201 Sauvage-sur-Mer",Maillot Duhamel SA
377,Henri,Poulain,henri.poulain@free.fr,0809363370,"6, boulevard de Bonnet, 14090 Pons",Guillaume
378,Bertrand,Besson,bertrand.besson@ifrance.com,01 11 61 32 86,"boulevard de Da Costa, 92442 Saint Alex",Muller Lacroix S.A.R.L.
379,Suzanne,Leleu,suzanne.leleu@tele2.fr,+33 (0)1 06 43 19 19,"avenue Victor Guillaume, 50606 BodinVille",Petit S.A.
380,Sébastien,Lombard,sébastien.lombard@sfr.fr,+33 (0)1 41 36 93 48,"69, rue de Bernier, 19494 Barbe-les-Bains",Lejeune
381,Andrée,Ribeiro,andrée.ribeiro@bouygtel.fr,+33 (0)1 45 25 57 57,"55, rue Bruneau, 26007 Berger",Lebreton Georges et Fils
382,Josette,Chauvin,josette.chauvin@laposte.net,02 18 08 54 88,"45, rue de Besnard, 15056 Saint LuceBourg",Courtois
383,Aurélie,Masson,aurélie.masson@noos.fr,01 26 16 59 62,"78, rue Roche, 07666 Coulonnec",Sauvage Germain SARL
384,Isaac,Potier,isaac.potier@orange.fr,+33 3 16 27 23 46,"3, rue Muller, 57281 Baudry-sur-Mer",Antoine
385,Alexandria,Rodriguez,alexandria.rodriguez@wanadoo.fr,01 12 37 66 04,"272, boulevard de Maillet, 78694 Cousin",Collin
386,Antoine,Jacquet,antoine.jacquet@wanadoo.fr,+33 (0)2 98 43 07 81,"boulevard de Leroux, 36540 Raymond",François
387,Paulette,Moulin,paulette.moulin@dbmail.com,+33 3 65 14 45 18,"boulevard de Klein, 71770 Saint Antoinette",Marie Bernard S.A.
388,Anastasie,Hamel,anastasie.hamel@noos.fr,+33 (0)1 59 88 98 62,"rue de Techer, 94267 Sainte Clémence",Lombard SA
389,Dorothée,Blin,dorothée.blin@live.com,+33 2 55 75 26 62,"90, avenue de Bousquet, 21261 Allain",Richard Guichard SA
390,François,Charrier,françois.charrier@live.com,0608645961,"69, rue Aurore Ferreira, 42862 Rolland-la-Forêt",Rivière Blondel et Fils
391,Thibaut,Texier,thibaut.texier@wanadoo.fr,+33 (0)2 66 13 25 12,"88, avenue Sébastien Sauvage, 01749 Gay",Parent SARL
392,Olivier,Lefort,olivier.lefort@orange.fr,01 46 59 50 77,"64, avenue de Lefort, 44787 Lagarde-sur-Samson",Humbert
393,Franck,Foucher,franck.foucher@voila.fr,+33 (0)1 43 39 82 21,"66, chemin Christelle Jacques, 50600 Germain-sur-Mer",Pasquier Carlier S.A.
394,Anastasie,Parent,anastasie.parent@club-internet.fr,+33 1 23 29 36 98,"avenue Anouk Weiss, 32205 Ruiz",François
395,Alexandre,Bouvier,alexandre.bouvier@yahoo.fr,+33 (0)2 03 23 61 49,"9, rue Martel, 25565 Guyonboeuf",Lagarde
396,Valérie,Grégoire,valérie.grégoire@voila.fr,+33 4 36 22 60 09,"13, avenue Capucine Boyer, 36607 Dumont",Valette SA
397,Nicole,Muller,nicole.muller@live.com,+33 (0)4 01 82 42 73,"65, rue de Fleury, 11163 Blondel",Lopes Reynaud S.A.R.L.
398,Marc,Mendès,marc.mendès@tiscali.fr,04 60 25 89 41,"rue Laure Baudry, 23540 Sainte CorinneVille",Fernandez S.A.S.
399,Alexandre,Vasseur,alexandre.vasseur@laposte.net,+33 (0)1 52 01 95 18,"485, rue Léger, 70068 Chauveau",Thierry
400,Luce,Roger,luce.roger@hotmail.fr,+33 4 83 72 81 17,"rue de Philippe, 43795 Meyer",Perrier SA
401,Éléonore,Salmon,éléonore.salmon@tiscali.fr,+33 6 00 61 99 78,"675, rue Leleu, 35538 Maillotboeuf",Fernandes Hamel S.A.S.
402,Henri,Bourdon,henri.bourdon@dbmail.com,+33 5 65 65 55 00,"986, boulevard de Goncalves, 34319 Sainte Célina",Delaunay
403,Rémy,Lejeune,rémy.lejeune@noos.fr,03 51 80 44 19,"95, boulevard de Cousin, 93171 Mahe",Brun Gomes SARL
404,Margot,Daniel,margot.daniel@club-internet.fr,+33 4 39 62 31 01,"avenue Boutin, 09262 Sainte Raymonddan",Clément Thibault SA
405,Michelle,Hoareau,michelle.hoareau@yahoo.fr,0128363391,"49, rue de Marion, 96158 Sainte André-les-Bains",Toussaint Labbé SA
406,Océane,Mendès,océane.mendès@voila.fr,01 76 85 92 31,"69, rue Martine Duhamel, 50210 Colas",Denis
407,Geneviève,Samson,geneviève.samson@orange.fr,+33 (0)6 77 73 08 34,"26, rue Barbe, 91670 Robert",Rossi Ferreira et Fils
408,Constance,Bègue,constance.bègue@tele2.fr,0474039654,"48, avenue Marguerite Charles, 95313 FernandesVille",Guillot Pires S.A.R.L.
409,Gabrielle,Benoit,gabrielle.benoit@noos.fr,+33 (0)4 06 67 29 96,"22, rue Guillou, 83040 Bonnin-sur-Maillard",Klein et Fils
410,Dominique,Vidal,dominique.vidal@club-internet.fr,03 94 04 37 27,"571, rue Charlotte Hernandez, 21373 Ruiz",Vincent
411,Jérôme,Paris,jérôme.paris@tiscali.fr,+33 (0)2 76 84 09 43,"388, avenue de Roger, 55988 Bernier",Guillon
412,Aimée,Lombard,aimée.lombard@dbmail.com,+33 1 99 19 06 07,"566, rue Inès Breton, 09741 Sainte Renée",Neveu
413,Hortense,Julien,hortense.julien@bouygtel.fr,+33 (0)1 61 86 50 97,"boulevard de Robert, 91870 Guilbert-sur-Mer",Étienne Besnard S.A.S.
414,Bernard,Richard,bernard.richard@gmail.com,0166683403,"47, chemin Étienne Guillaume, 90731 Brun",Camus Fleury et Fils
415,Françoise,Alves,françoise.alves@voila.fr,+33 (0)8 03 76 79 70,"boulevard Daniel Millet, 22256 Gauthier",Hernandez
416,Margaud,De Oliveira,margaud.de oliveira@sfr.fr,+33 (0)1 31 09 57 93,"rue William Delmas, 03404 Poirier-sur-Garnier",Mallet S.A.R.L.
417,Élodie,Didier,élodie.didier@live.com,0119294902,"336, rue Laure Neveu, 97588 Couturier-sur-Bailly",Diaz Garcia et Fils
418,Charles,Pages,charles.pages@ifrance.com,02 54 75 91 56,"60, boulevard Louis Godard, 52861 Vallée-sur-Mer",Mahe
419,Anouk,Boutin,anouk.boutin@bouygtel.fr,+33 (0)2 29 61 96 93,"17, avenue Gimenez, 15309 Wagner",Perret SARL
420,Jeanne,Alves,jeanne.alves@hotmail.fr,0418808616,"15, avenue de Gaudin, 88996 Da Silva",Lefèvre Klein SARL
421,Dorothée,Gillet,dorothée.gillet@tele2.fr,0566167473,"96, avenue François, 67806 ReyVille",Regnier Laporte S.A.S.
422,Odette,Gimenez,odette.gimenez@orange.fr,+33 5 74 87 31 38,"93, boulevard Aimée Langlois, 14844 Massondan",Marion
423,Michelle,Briand,michelle.briand@live.com,+33 (0)4 69 41 40 48,"avenue Payet, 35745 Coulon",Hervé Leleu S.A.
424,Alphonse,Godard,alphonse.godard@bouygtel.fr,01 82 08 66 80,"76, chemin Maurice Fischer, 54952 Garcia-sur-Thomas",Roy
425,Arthur,Lemaire,arthur.lemaire@ifrance.com,+33 3 29 71 43 42,"123, rue de Gillet, 49775 Lagarde",Ollivier
426,Emmanuelle,Gautier,emmanuelle.gautier@club-internet.fr,+33 (0)6 40 18 00 91,"68, chemin Capucine Bruneau, 06602 Ferrand-sur-Mer",Devaux
427,Inès,Adam,inès.adam@sfr.fr,06 55 97 62 88,"267, rue de Boucher, 31693 Bourdon-sur-Mer",Moreau
428,Marie,Vallet,marie.vallet@club-internet.fr,02 65 40 34 63,"3, chemin Adrien Barbe, 04676 Navarro-les-Bains",Garcia S.A.S.
429,Josette,Delattre,josette.delattre@dbmail.com,+33 5 84 58 59 78,"chemin Maurice Breton, 75970 Lacombe",Benard
430,Philippe,Raymond,philippe.raymond@club-internet.fr,04 95 88 11 82,"24, rue Philippe, 23846 Barbe",Gallet et Fils
431,Raymond,Bigot,raymond.bigot@gmail.com,0422873360,"11, chemin de Hoareau, 00233 Sainte Constance",Pasquier
432,Alfred,Bègue,alfred.bègue@wanadoo.fr,+33 (0)8 09 59 32 93,"avenue de Lemaître, 52623 Petitjean",Evrard
433,Thierry,Descamps,thierry.descamps@wanadoo.fr,08 00 78 68 46,"29, chemin Alfred Bousquet, 10120 Schmitt",Legendre S.A.
434,Danielle,Ramos,danielle.ramos@laposte.net,05 05 47 38 56,"4, rue de Pineau, 34165 Lebon-la-Forêt",Duval
435,Juliette,Guilbert,juliette.guilbert@wanadoo.fr,+33 (0)2 13 70 69 33,"6, rue Pelletier, 83540 Barbe",Bernier Leconte S.A.S.
436,Colette,Marie,colette.marie@tele2.fr,0185499307,"82, rue de Dupuis, 85596 Boutin",Evrard S.A.S.
437,Théophile,Dos Santos,théophile.dos santos@live.com,+33 8 07 24 12 51,"1, rue Susanne Boyer, 80688 Martinez",Rolland
438,Marianne,Perez,marianne.perez@voila.fr,+33 4 55 28 26 07,"69, rue Mace, 28339 Caron-sur-Mer",Raynaud
439,Chantal,Lambert,chantal.lambert@free.fr,0806119657,"rue Renée Pineau, 48241 DuvalBourg",Nicolas Torres et Fils
440,Marine,Becker,marine.becker@sfr.fr,+33 3 39 64 40 70,"20, boulevard Tessier, 42980 Lebrun",Meyer
441,Paulette,Klein,paulette.klein@free.fr,0623707246,"361, avenue de Morin, 36424 Rousset-les-Bains",Renaud
442,Susan,Cousin,susan.cousin@ifrance.com,+33 4 01 75 36 60,"438, avenue Maurice Teixeira, 35567 Blondel",Buisson Perrin et Fils
443,Alice,Gilbert,alice.gilbert@club-internet.fr,0678834553,"521, rue Vincent, 85962 Gaillard-la-Forêt",Berger S.A.S.
444,Christelle,Dubois,christelle.dubois@ifrance.com,+33 (0)5 83 36 73 25,"72, boulevard de Barre, 56276 Blot",Marques
445,Louise,Lemoine,louise.lemoine@gmail.com,+33 (0)2 74 31 09 77,"429, chemin de Neveu, 60887 HuetBourg",Bonneau
446,Timothée,Menard,timothée.menard@sfr.fr,05 11 02 88 58,"22, boulevard Robert Wagner, 28299 Maillet",Courtois
447,Amélie,Guillou,amélie.guillou@tiscali.fr,0478972769,"129, rue Blanchard, 87852 Allain",Labbé
448,Alice,Breton,alice.breton@sfr.fr,02 91 35 49 86,"8, chemin Adélaïde Toussaint, 64682 Lejeune",Turpin et Fils
449,Michel,Pottier,michel.pottier@club-internet.fr,0323163164,"798, rue Lelièvre, 17288 Nguyen",Robert
450,Élise,Maillet,élise.maillet@voila.fr,0255513454,"532, avenue de Bouchet, 20505 Saint LaureVille",Ribeiro Becker et Fils
451,Bertrand,Hoarau,bertrand.hoarau@wanadoo.fr,+33 (0)1 10 20 79 22,"95, boulevard Perrot, 59105 Boucher",Schmitt
452,Jules,Charrier,jules.charrier@bouygtel.fr,04 11 75 42 45,"75, rue Goncalves, 04065 Lesage",Riou
453,Valérie,Guillaume,valérie.guillaume@free.fr,05 35 60 03 67,"55, chemin de Mallet, 21860 Le GallBourg",Devaux S.A.S.
454,Olivier,Goncalves,olivier.goncalves@dbmail.com,0809990671,"4, boulevard de Guillot, 75149 Reynaud",Masse et Fils
455,Hélène,Ferreira,hélène.ferreira@tele2.fr,+33 1 85 88 59 86,"47, avenue Marianne Paul, 90262 Morenonec",Blot Lebon SA
456,Robert,Dumas,robert.dumas@laposte.net,+33 5 72 73 03 04,"6, rue de Normand, 83154 Gomez",Pereira Salmon S.A.R.L.
457,Adrienne,Blin,adrienne.blin@tele2.fr,0342090891,"70, avenue Jean Roche, 01284 Maryboeuf",Bailly
458,David,Potier,david.potier@orange.fr,01 65 46 26 76,"13, rue Pelletier, 82386 Garcia",Pereira et Fils
459,Maryse,Pierre,maryse.pierre@yahoo.fr,+33 (0)3 64 99 22 29,"99, chemin Catherine Guichard, 43580 Fabre-les-Bains",Perrin
460,Marthe,Allard,marthe.allard@gmail.com,+33 (0)4 14 58 58 16,"88, rue Marcelle Besson, 96017 Costa-sur-Toussaint",De Oliveira Morin SARL
461,Joséphine,Cousin,joséphine.cousin@voila.fr,+33 2 58 54 97 39,"27, chemin Moulin, 53195 Dos Santosboeuf",Costa Joly SARL
462,Marcel,Diaz,marcel.diaz@yahoo.fr,+33 5 67 27 40 03,"453, avenue de Charpentier, 86343 Perez-les-Bains",Chevallier SARL
463,Édouard,Petit,édouard.petit@voila.fr,+33 1 64 63 87 11,"rue Geneviève Techer, 53062 Pineau",Delattre Techer SARL
464,Émile,Brunel,émile.brunel@club-internet.fr,+33 1 22 60 64 91,"580, rue Diallo, 85497 SimonBourg",Morvan
465,Laurence,Blin,laurence.blin@gmail.com,0177230705,"2, avenue Dos Santos, 66325 Perez",Dumont S.A.S.
466,Guy,Joseph,guy.joseph@club-internet.fr,+33 6 82 43 00 61,"90, chemin Bousquet, 59513 Verdier",Fleury Paris SARL
467,Mathilde,Turpin,mathilde.turpin@voila.fr,0255830690,"570, rue de Ferreira, 70096 Bouvier",Coulon
468,Alexandria,Bègue,alexandria.bègue@yahoo.fr,04 28 88 10 84,"6, rue Boyer, 02187 Maillet-sur-Fischer",Pineau
469,Susan,Gonzalez,susan.gonzalez@dbmail.com,+33 5 99 37 78 30,"703, rue David, 45307 Valette",Duhamel
470,Laure,Gomez,laure.gomez@wanadoo.fr,0554529107,"4, rue Marion, 81542 Baron-sur-Munoz",Lombard
471,Arthur,Barre,arthur.barre@ifrance.com,05 52 28 82 63,"boulevard de Baudry, 78412 Laurent-sur-Fernandes",Mahe
472,Olivier,Gonzalez,olivier.gonzalez@live.com,+33 (0)3 38 68 70 90,"1, rue Victoire Vincent, 08342 Bailly",Besnard Robert SA
473,Hélène,Delorme,hélène.delorme@bouygtel.fr,04 56 65 40 10,"42, rue Payet, 60187 Courtois",Vasseur
474,Claude,Gallet,claude.gallet@yahoo.fr,+33 2 29 02 19 19,"16, rue Colas, 76996 Huet",Imbert S.A.R.L.
475,Alexandria,Meunier,alexandria.meunier@dbmail.com,+33 (0)8 03 13 56 22,"rue Vincent Legrand, 16813 Sainte Frédérique-la-Forêt",Martineau
476,Thibaut,Aubry,thibaut.aubry@laposte.net,+33 (0)2 65 15 95 63,"92, rue de Gomes, 68806 Dias",Faivre S.A.R.L.
477,Martin,Dupré,martin.dupré@live.com,0207600690,"547, rue Jourdan, 17527 François",Faivre
478,Charlotte,Laporte,charlotte.laporte@orange.fr,+33 (0)5 43 17 00 43,"27, chemin de Salmon, 50107 Seguin",Lejeune
479,Olivier,Simon,olivier.simon@orange.fr,+33 8 07 75 89 25,"6, boulevard de Blot, 05078 Boutinnec",Faivre
480,Maryse,Durand,maryse.durand@hotmail.fr,+33 (0)5 96 08 40 03,"5, boulevard Margot Lejeune, 90746 Costadan",Lejeune
481,Constance,Devaux,constance.devaux@sfr.fr,0375592953,"rue de Barre, 58846 Ponsdan",Lefort S.A.S.
482,Maryse,Rivière,maryse.rivière@noos.fr,+33 (0)1 98 54 56 00,"67, boulevard Dumas, 08885 Meunierdan",Auger
483,Françoise,Berthelot,françoise.berthelot@wanadoo.fr,+33 5 26 96 03 60,"27, boulevard de Buisson, 84775 Perret",Marchand
484,Marie,Moreno,marie.moreno@tele2.fr,0451722494,"73, rue Victoire Raymond, 08900 Devauxnec",Cohen Evrard SA
485,Renée,Leroy,renée.leroy@noos.fr,+33 2 75 88 47 46,"6, rue Anouk Salmon, 11310 Marie-les-Bains",Leconte SA
486,Olivier,Ferreira,olivier.ferreira@yahoo.fr,+33 (0)5 21 38 49 97,"442, chemin Grenier, 75177 Fontaine",Guérin Lecomte et Fils
487,Christiane,Guyon,christiane.guyon@free.fr,+33 (0)8 07 80 01 31,"chemin Bazin, 30153 Bertin",Loiseau
488,Marine,Marty,marine.marty@orange.fr,+33 6 19 99 82 49,"47, chemin Alexandria Pires, 26757 Robin",Toussaint SARL
489,Noémi,Colin,noémi.colin@gmail.com,0665230987,"963, chemin de Brunet, 98770 Diaz-sur-Maréchal",Regnier Launay SA
490,Bernard,Dubois,bernard.dubois@hotmail.fr,+33 4 29 85 47 24,"53, rue Auguste Chauvin, 79391 Rivière-la-Forêt",Brunel
491,Paul,Bourdon,paul.bourdon@noos.fr,0806984015,"20, rue Allard, 78151 Bourgeois",Robin
492,Éric,Mathieu,éric.mathieu@tiscali.fr,+33 1 74 17 29 84,"131, rue de Ruiz, 73789 Marchal",Benoit
493,Aurélie,Buisson,aurélie.buisson@laposte.net,+33 (0)4 93 64 34 22,"3, boulevard Astrid Marie, 56226 Legendre",Bertrand Alves et Fils
494,Margot,Laurent,margot.laurent@bouygtel.fr,06 59 29 31 03,"856, rue Duval, 13633 AubertVille",Jourdan Arnaud SA
495,Alex,Goncalves,alex.goncalves@gmail.com,0661560665,"65, chemin Gérard Maillet, 98613 Sainte Denis-la-Forêt",Aubert
496,Cécile,Delorme,cécile.delorme@laposte.net,0109748114,"63, chemin de Delmas, 91887 Étienne-les-Bains",Nicolas
497,Amélie,Bouchet,amélie.bouchet@yahoo.fr,+33 (0)3 37 58 46 70,"603, rue Margaret Brunet, 70840 Sainte Françoise",Chevalier Perret et Fils
498,Gabrielle,Delattre,gabrielle.delattre@dbmail.com,01 33 41 46 22,"54, chemin de Salmon, 42157 Payet",Lelièvre
499,Susanne,Joubert,susanne.joubert@orange.fr,0210559302,"88, chemin Fernandez, 19412 SeguinVille",Leroux
500,Claire,Lebreton,claire.lebreton@orange.fr,+33 2 93 92 60 92,"85, boulevard Baudry, 13710 Martin-les-Bains",Martins
